{ ?
    {
        "Operacion":"Resta"
        "Valor1":6.5
        "Valor2":3.5
    }, *
    {
        "Operacion":"Multiplicacion" ^
        "Valor1":[
            "Operacion":"Potencia"
            "Valor1":2
            "Valor2":[
        "Operacion":"Raiz"
        "Valor1":9
        "Valor2":2
                ]
        ]
        "Valor2": [
            "Operacion":"Potencia"
            "Valor1":2
            "Valor2":[
                "Operacion":"Raiz"
                "Valor1":9
                "Valor2":2
                ]
        ] +
    },
    {
        "Operacion":"Suma"
        "Valor1":[
        "Operacion":"Seno"
        "Valor1":90
        ]
        "Valor2":5.32
    },
    {
        "Operacion":"Resta"
        "Valor1": [
            "Operacion": "Division"
            "Valor1": 500
            "Valor2": [
                "Operacion": "Division"
                "Valor1": 10
                "Valor2": 5
            ]
        ]
        "Valor2": [
            "Operacion": "Multiplicacion"
            "Valor1": 10
            "Valor2": [
                "Valor1": 3
                "Valor2": 5
            ]
        ]
    }
    "Texto":"Realizacion de Operaciones"
    "Color-Fondo-Nodo":"Amarillo"
    "Color-Fuente-Nodo":"Rojo"
    "Forma-Nodo":"Circulo"
    @
}                "Operacion": "Multiplicacion"